T1 t1@t1mail.com 130
Doran doran@t1mail.com 24
Oner oner@t1mail.com 22
Faker faker@t1mail.com 28
Gumayusi gumayusi@t1mail.com 23
Smash smash@t1mail.com 18$
HLE hle@hlemail.com 100
Zeus zeus@hlemail.com 21
Peanut peanut@hlemail.com 27
Zeka zeka@hlemail.com 22
Viper viper@hlemail.com 24
Delight delight@hlemail.com 22$
WBG wbg@wbgmail.com 60
Breathe breathe@wbgmail.com 24
Tian tian@wbgmail.com 24
Xiaohu xiaohu@wbgmail.com 27
Light light@wbgmail.com 24
Erha erha@wbgmail.com 21$
TL tl@tlmail.com 40
Impact impact@tlmail.com 24
Yuuji yuuji@tlmail.com 22
APA apa@tlmail.com 19
Yeon yeon@tlmail.com 21